<application>
  <component name="MaterialThemeConfig">
    <option name="compactDropdowns" value="true" />
    <option name="compactSidebar" value="true" />
    <option name="darkTitleBar" value="true" />
    <option name="isCompactMenus" value="true" />
    <option name="isCompactStatusBar" value="true" />
    <option name="isCompactTables" value="true" />
    <option name="isContrastMode" value="true" />
    <option name="isCustomTreeIndentEnabled" value="true" />
    <option name="isHighContrast" value="true" />
    <option name="isWizardShown" value="true" />
    <option name="pristineConfig" value="false" />
    <option name="leftTreeIndent" value="2" />
    <option name="tabsHeight" value="16" />
    <option name="selectedTheme" value="DARKER" />
    <option name="userId" value="38e3f4e7:16e4d7a17dc:-8000" />
    <option name="version" value="4.5.2" />
    <option name="tabHighlightPosition" value="Top" />
  </component>
</application>